"DESCRIPTION","DURATION IN MS","NAME","PARENT SUITE","START TIME","STATUS","STOP TIME","SUB SUITE","SUITE","TEST CLASS","TEST METHOD"
"
Smoke test: Verify user dropdown is accessible.

Critical test to ensure users can access account options.
","240","test_smoke_user_dropdown_accessible[chromium]","tests","Wed Oct 29 00:04:19 UTC 2025","passed","Wed Oct 29 00:04:20 UTC 2025","TestNavigationHeaderSmoke","test_navigation_header","",""
"
Smoke test: Verify basic configure and save workflow.

Critical end-to-end test for the primary use case.
","1223","test_smoke_configure_and_save[chromium]","tests","Wed Oct 29 00:04:06 UTC 2025","passed","Wed Oct 29 00:04:07 UTC 2025","TestLeavePeriodSmoke","test_leave_period","",""
"
Smoke test: Verify logout works.

Critical test to ensure users can log out of the application.
","1057","test_smoke_logout_works[chromium]","tests","Wed Oct 29 00:04:23 UTC 2025","passed","Wed Oct 29 00:04:24 UTC 2025","TestNavigationHeaderSmoke","test_navigation_header","",""
"
Smoke test: Verify current leave period is always displayed.

Critical test to ensure users can see the current configuration.
","8","test_smoke_current_period_displayed[chromium]","tests","Wed Oct 29 00:04:07 UTC 2025","passed","Wed Oct 29 00:04:07 UTC 2025","TestLeavePeriodSmoke","test_leave_period","",""
"
Verify user can login successfully with valid credentials.

Scenario:
    Given: User is on the login page
    When: User enters valid username and password
    And: User clicks the login button
    Then: User should be redirected to the dashboard page

Args:
    login_page: LoginPage instance (already navigated to login page)
    config_service: Configuration service with valid test credentials
","1128","test_valid_login[chromium]","tests","Wed Oct 29 00:04:09 UTC 2025","passed","Wed Oct 29 00:04:10 UTC 2025","","test_login","",""
"
Demo: Invalid login attempt with visual highlighting.

Shows how to use highlight() when debugging error scenarios.

Scenario:
    Given: User is on the login page
    When: User enters invalid credentials with highlights
    Then: Error message should be visible and highlighted

Args:
    login_page: LoginPage instance
","3647","test_invalid_login_with_highlight[chromium]","tests","Wed Oct 29 00:04:13 UTC 2025","passed","Wed Oct 29 00:04:17 UTC 2025","","test_login_demo","",""
"
Demo: Login test with visual highlighting for debugging.

This test shows how to use Playwright's native highlight() during development
to visually identify which elements are being interacted with.

Scenario:
    Given: User is on the login page
    When: User enters valid credentials with visual highlights
    Then: User should be redirected to dashboard

Args:
    login_page: LoginPage instance
    config_service: Configuration service with credentials
","3915","test_login_with_highlight_demo[chromium]","tests","Wed Oct 29 00:04:12 UTC 2025","passed","Wed Oct 29 00:04:16 UTC 2025","","test_login_demo","",""
"
Smoke test: Verify main navigation menu is visible.

Critical test to ensure the navigation header renders correctly
after login.
","242","test_smoke_main_menu_visible[chromium]","tests","Wed Oct 29 00:04:18 UTC 2025","passed","Wed Oct 29 00:04:19 UTC 2025","TestNavigationHeaderSmoke","test_navigation_header","",""
"
Smoke test: Verify basic navigation works.

Critical test to ensure users can navigate between modules.
","2645","test_smoke_navigation_works[chromium]","tests","Wed Oct 29 00:04:22 UTC 2025","passed","Wed Oct 29 00:04:25 UTC 2025","TestNavigationHeaderSmoke","test_navigation_header","",""
"
Smoke test: Navigation header persists across modules.

Critical test to ensure navigation header doesn't disappear.
","3776","test_smoke_navigation_header_persistent[chromium]","tests","Wed Oct 29 00:03:45 UTC 2025","passed","Wed Oct 29 00:03:49 UTC 2025","TestCrossModuleNavigationSmoke","test_cross_module_navigation","",""
"
Verify all critical login page elements are visible on page load.

Scenario:
    Given: User is on the login page
    When: Page finishes loading
    Then: Username field should be visible
    And: Password field should be visible
    And: Login button should be visible
    And: Login logo should be visible

Args:
    login_page: LoginPage instance
","412","test_login_page_elements_visible[chromium]","tests","Wed Oct 29 00:04:11 UTC 2025","passed","Wed Oct 29 00:04:12 UTC 2025","","test_login","",""
"
Verify error message is displayed when login fails with invalid credentials.

Scenario:
    Given: User is on the login page
    When: User enters invalid username and password
    And: User clicks the login button
    Then: Error message should be visible
    And: Error message should contain ""Invalid credentials""

Args:
    login_page: LoginPage instance
","1002","test_invalid_login[chromium]","tests","Wed Oct 29 00:04:09 UTC 2025","passed","Wed Oct 29 00:04:10 UTC 2025","","test_login","",""
"
Test method chaining for fluent API.

Scenario:
    Given I am on the Leave Period configuration page
    When I use method chaining to configure leave period
    Then all methods should execute successfully
    And the configuration should be saved

This verifies that the fluent interface pattern works correctly.
","191","test_method_chaining[chromium]","tests","Wed Oct 29 00:03:54 UTC 2025","passed","Wed Oct 29 00:03:55 UTC 2025","TestLeavePeriodHappyPath","test_leave_period","",""
"
Smoke test: Round-trip navigation works.

Critical test to ensure users can navigate away and return.
","2834","test_smoke_round_trip_navigation[chromium]","tests","Wed Oct 29 00:03:38 UTC 2025","passed","Wed Oct 29 00:03:41 UTC 2025","TestCrossModuleNavigationSmoke","test_cross_module_navigation","",""
"
Verify current leave period is displayed on the page.

Scenario:
    Given I am on the Leave Period configuration page
    Then I should see the current leave period displayed
    And it should be in the format ""YYYY-MM-DD to YYYY-MM-DD""

This verifies that users can see the currently configured leave period.
","8","test_view_current_leave_period[chromium]","tests","Wed Oct 29 00:04:01 UTC 2025","passed","Wed Oct 29 00:04:01 UTC 2025","TestLeavePeriodHappyPath","test_leave_period","",""
"
Smoke test: Verify Leave Period page loads successfully.

Critical test to ensure the page is accessible and displays
all essential elements.
","22","test_smoke_leave_period_page_loads[chromium]","tests","Wed Oct 29 00:04:00 UTC 2025","passed","Wed Oct 29 00:04:00 UTC 2025","TestLeavePeriodSmoke","test_leave_period","",""
"
Configure leave period to start on January 1st.

Scenario:
    Given I am on the Leave Period configuration page
    When I select ""January"" as start month
    And I select ""01"" as start date
    Then the end date should be ""December 31""
    When I save the configuration
    Then I should see a success message

This is the most common leave period configuration (calendar year).
","1215","test_configure_leave_period_january_first[chromium]","tests","Wed Oct 29 00:03:47 UTC 2025","passed","Wed Oct 29 00:03:48 UTC 2025","TestLeavePeriodHappyPath","test_leave_period","",""
"
Configure leave period to start on April 1st (fiscal year).

Scenario:
    Given I am on the Leave Period configuration page
    When I select ""April"" as start month
    And I select ""01"" as start date
    Then the end date should be ""March 31""
    When I save the configuration
    Then I should see a success message

This tests a common fiscal year leave period configuration.
","1213","test_configure_leave_period_april_first[chromium]","tests","Wed Oct 29 00:03:54 UTC 2025","passed","Wed Oct 29 00:03:55 UTC 2025","TestLeavePeriodHappyPath","test_leave_period","",""
"
Smoke test: Basic cross-module navigation works.

Critical test to ensure users can navigate between modules.
","3482","test_smoke_basic_cross_module_navigation[chromium]","tests","Wed Oct 29 00:03:38 UTC 2025","passed","Wed Oct 29 00:03:41 UTC 2025","TestCrossModuleNavigationSmoke","test_cross_module_navigation","",""
